mode	size	lookups	rendering	mismatches	error_train	error_5000	shaping_ms
base	0	0	-	0	-	-	210
anchors	30	6	contextual	0	3.7048	14.8340	1220
both	30	7	contextual	0	3.6360	14.4551	1200
broadened	30	7	contextual	0	3.3664	14.0451	1202
context	30	8	contextual	0	4.7682	16.3322	1013
anchors	50	11	contextual	0	2.0396	12.4997	1639
both	50	11	contextual	0	1.7947	11.9949	1612
broadened	50	11	contextual	0	1.4766	11.3030	1626
context	50	12	contextual	0	3.0541	13.7104	1370
anchors	80	14	contextual	0	0.9380	9.9212	1992
both	80	13	contextual	0	0.9286	10.1062	1978
broadened	80	13	contextual	0	0.8214	9.9201	1979
context	80	14	contextual	0	1.9252	11.8933	1632
anchors	120	17	contextual	0	0.1979	9.2970	2390
both	120	17	contextual	0	0.1409	8.5520	2312
broadened	120	17	contextual	0	0.1001	8.4599	2308
context	120	18	contextual	0	1.2214	10.5704	1995
